id,stationName,availableDocks,totalDocks,latitude,longitude,statusValue,statusKey,availableBikes,stAddress1,testStation,lastCommunicationTime
72,W 52 St & 11 Ave,32,39,40.76727216,-73.99392888,In Service,1,7,W 52 St & 11 Ave,False,2016-01-22 16:30:15
79,Franklin St & W Broadway,0,33,40.71911552,-74.00666661,In Service,1,33,Franklin St & W Broadway,False,2016-01-22 16:32:41
82,St James Pl & Pearl St,27,27,40.71117416,-74.00016545,In Service,1,0,St James Pl & Pearl St,False,2016-01-22 16:29:41
83,Atlantic Ave & Fort Greene Pl,21,62,40.68382604,-73.97632328,In Service,1,40,Atlantic Ave & Fort Greene Pl,False,2016-01-22 16:32:33
116,W 17 St & 8 Ave,19,39,40.74177603,-74.00149746,In Service,1,19,W 17 St & 8 Ave,False,2016-01-22 16:32:32
119,Park Ave & St Edwards St,15,19,40.69608941,-73.97803415,In Service,1,4,Park Ave & St Edwards St,False,2016-01-22 16:32:29
120,Lexington Ave & Classon Ave,17,19,40.68676793,-73.95928168,In Service,1,2,Lexington Ave & Classon Ave,False,2016-01-22 16:32:06
127,Barrow St & Hudson St,21,31,40.73172428,-74.00674436,In Service,1,9,Barrow St & Hudson St,False,2016-01-22 16:30:14
128,MacDougal St & Prince St,9,30,40.72710258,-74.00297088,In Service,1,21,MacDougal St & Prince St,False,2016-01-22 16:30:57
137,E 56 St & Madison Ave,15,46,40.761628,-73.972924,In Service,1,30,E 56 St & Madison Ave,False,2016-01-22 16:31:12
143,Clinton St & Joralemon St,20,24,40.69239502,-73.99337909,In Service,1,4,Clinton St & Joralemon St,False,2016-01-22 16:28:55
144,Nassau St & Navy St,5,19,40.69839895,-73.98068914,In Service,1,12,Nassau St & Navy St,False,2016-01-22 16:32:05
146,Hudson St & Reade St,30,39,40.71625008,-74.0091059,In Service,1,7,Hudson St & Reade St,False,2016-01-22 16:29:37
147,Greenwich St & Warren St,18,33,40.71542197,-74.01121978,In Service,1,15,Greenwich St & Warren St,False,2016-01-22 16:32:05
150,E 2 St & Avenue C,29,31,40.7208736,-73.98085795,In Service,1,2,E 2 St & Avenue C,False,2016-01-22 16:31:04
151,Cleveland Pl & Spring St,22,33,40.722103786686034,-73.99724900722504,In Service,1,11,Cleveland Pl & Spring St,False,2016-01-22 16:29:42
152,Warren St & Church St,3,29,40.71473993,-74.00910627,In Service,1,26,Warren St & Church St,False,2016-01-22 16:30:04
153,E 40 St & 5 Ave,36,55,40.752062307,-73.9816324043,In Service,1,17,E 40 St & 5 Ave,False,2016-01-22 16:31:08
157,Henry St & Atlantic Ave,16,23,40.69089272,-73.99612349,In Service,1,6,Henry St & Atlantic Ave,False,2016-01-22 16:31:42
160,E 37 St & Lexington Ave,23,26,40.748238,-73.978311,In Service,1,3,E 37 St & Lexington Ave,False,2016-01-22 16:31:48
161,LaGuardia Pl & W 3 St,8,35,40.72917025,-73.99810231,In Service,1,25,LaGuardia Pl & W 3 St,False,2016-01-22 16:31:54
164,E 47 St & 2 Ave,37,47,40.75323098,-73.97032517,In Service,1,10,E 47 St & 2 Ave,False,2016-01-22 16:29:29
167,E 39 St & 3 Ave,22,45,40.7489006,-73.97604882,In Service,1,23,E 39 St & 3 Ave,False,2016-01-22 16:30:10
168,W 18 St & 6 Ave,11,47,40.73971301,-73.99456405,In Service,1,34,W 18 St & 6 Ave,False,2016-01-22 16:30:05
173,Broadway & W 49 St,43,51,40.76068327096592,-73.9845272898674,In Service,1,7,Broadway & W 49 St,False,2016-01-22 16:29:12
174,E 25 St & 1 Ave,21,30,40.7381765,-73.97738662,In Service,1,9,E 25 St & 1 Ave,False,2016-01-22 16:31:15
195,Liberty St & Broadway,25,45,40.70905623,-74.01043382,In Service,1,20,Liberty St & Broadway,False,2016-01-22 16:31:32
212,W 16 St & The High Line,24,28,40.74334935,-74.00681753,In Service,1,3,W 16 St & The High Line,False,2016-01-22 16:32:33
216,Columbia Heights & Cranberry St,13,23,40.70037867,-73.99548059,In Service,1,10,Columbia Heights & Cranberry St,False,2016-01-22 16:30:52
217,Old Fulton St,22,39,40.70277159,-73.99383605,In Service,1,15,Old Fulton St,False,2016-01-22 16:30:06
223,W 13 St & 7 Ave,21,33,40.73781509,-73.99994661,In Service,1,10,W 13 St & 7 Ave,False,2016-01-22 16:29:46
224,Spruce St & Nassau St,27,31,40.71146364,-74.00552427,In Service,1,4,Spruce St & Nassau St,False,2016-01-22 16:31:07
225,W 14 St & The High Line,19,37,40.74195138,-74.00803013,In Service,1,17,W 14 St & The High Line,False,2016-01-22 16:31:24
228,E 48 St & 3 Ave,44,55,40.7546011026,-73.971878855,In Service,1,10,E 48 St & 3 Ave,False,2016-01-22 16:29:09
229,Great Jones St,1,23,40.72743423,-73.99379025,In Service,1,17,Great Jones St,False,2016-01-22 16:32:47
232,Cadman Plaza E & Tillary St,16,23,40.69597683,-73.99014892,In Service,1,7,Cadman Plaza E & Tillary St,False,2016-01-22 16:31:35
233,Cadman Plaza W & Pierrepont St,35,38,40.69475701363877,-73.99052739143372,In Service,1,3,Cadman Plaza W & Pierrepont St,False,2016-01-22 16:32:00
236,St Marks Pl & 2 Ave,33,39,40.7284186,-73.98713956,In Service,1,6,St Marks Pl & 2 Ave,False,2016-01-22 16:31:45
237,E 11 St & 2 Ave,37,39,40.73047309,-73.98672378,In Service,1,1,E 11 St & 2 Ave,False,2016-01-22 16:29:10
238,Bank St & Washington St,14,31,40.7361967,-74.00859207,In Service,1,16,Bank St & Washington St,False,2016-01-22 16:32:29
239,Willoughby St & Fleet St,17,31,40.69196566,-73.9813018,In Service,1,13,Willoughby St & Fleet St,False,2016-01-22 16:31:16
241,DeKalb Ave & S Portland Ave,19,23,40.68981035,-73.97493121,In Service,1,3,DeKalb Ave & S Portland Ave,False,2016-01-22 16:32:16
242,Carlton Ave & Flushing Ave,19,23,40.697787,-73.973736,In Service,1,4,Carlton Ave & Flushing Ave,False,2016-01-22 16:32:34
243,Fulton St & Rockwell Pl,4,31,40.688226,-73.979382,In Service,1,26,Fulton St & Rockwell Pl,False,2016-01-22 16:32:28
244,Willoughby Ave & Hall St,26,31,40.69196035,-73.96536851,In Service,1,5,Willoughby Ave & Hall St,False,2016-01-22 16:29:36
245,Myrtle Ave & St Edwards St,16,23,40.69327018,-73.97703874,In Service,1,7,Myrtle Ave & St Edwards St,False,2016-01-22 16:31:56
247,Perry St & Bleecker St,9,20,40.73535398,-74.00483091,In Service,1,11,Perry St & Bleecker St,False,2016-01-22 16:31:53
248,Laight St & Hudson St,10,23,40.72185379,-74.00771779,In Service,1,12,Laight St & Hudson St,False,2016-01-22 16:32:38
249,Harrison St & Hudson St,2,27,40.71870987,-74.0090009,In Service,1,25,Harrison St & Hudson St,False,2016-01-22 16:28:57
250,Lafayette St & Jersey St,2,40,40.72456089,-73.99565293,In Service,1,35,Lafayette St & Jersey St,False,2016-01-22 16:29:11
251,Mott St & Prince St,23,27,40.72317958,-73.99480012,In Service,1,2,Mott St & Prince St,False,2016-01-22 16:32:19
252,MacDougal St & Washington Sq,31,33,40.73226398,-73.99852205,In Service,1,2,MacDougal St & Washington Sq,False,2016-01-22 16:31:38
253,W 13 St & 5 Ave,39,55,40.73543934,-73.99453948,In Service,1,13,W 13 St & 5 Ave,False,2016-01-22 16:30:37
254,W 11 St & 6 Ave,25,31,40.73532427,-73.99800419,In Service,1,6,W 11 St & 6 Ave,False,2016-01-22 16:30:27
257,Lispenard St & Broadway,4,39,40.71939226,-74.00247214,In Service,1,33,Lispenard St & Broadway,False,2016-01-22 16:32:12
258,DeKalb Ave & Vanderbilt Ave,23,23,40.68940747,-73.96885458,In Service,1,0,DeKalb Ave & Vanderbilt Ave,False,2016-01-22 16:32:05
259,South St & Whitehall St,4,39,40.70122128,-74.01234218,In Service,1,35,South St & Whitehall St,False,2016-01-22 16:31:12
260,Broad St & Bridge St,10,35,40.70365182,-74.01167797,In Service,1,25,Broad St & Bridge St,False,2016-01-22 16:30:24
261,Johnson St & Gold St,14,27,40.69474881,-73.98362464,In Service,1,13,Johnson St & Gold St,False,2016-01-22 16:30:52
262,Washington Park,23,24,40.6917823,-73.9737299,In Service,1,1,Washington Park,False,2016-01-22 16:29:34
263,Elizabeth St & Hester St,31,31,40.71729,-73.996375,In Service,1,0,Elizabeth St & Hester St,False,2016-01-22 16:32:42
264,Maiden Ln & Pearl St,3,27,40.70706456,-74.00731853,In Service,1,24,Maiden Ln & Pearl St,False,2016-01-22 16:32:19
265,Stanton St & Chrystie St,24,35,40.72229346,-73.99147535,In Service,1,10,Stanton St & Chrystie St,False,2016-01-22 16:32:27
266,Avenue D & E 8 St,22,24,40.72368361,-73.97574813,In Service,1,2,Avenue D & E 8 St,False,2016-01-22 16:32:24
267,Broadway & W 36 St,56,57,40.75097711,-73.98765428,In Service,1,1,Broadway & W 36 St,False,2016-01-22 16:32:27
268,Howard St & Centre St,2,27,40.71910537,-73.99973337,In Service,1,25,Howard St & Centre St,False,2016-01-22 16:31:05
270,Adelphi St & Myrtle Ave,17,23,40.69308257,-73.97178913,In Service,1,5,Adelphi St & Myrtle Ave,False,2016-01-22 16:29:18
274,Lafayette Ave & Fort Greene Pl,11,31,40.68691865,-73.976682,In Service,1,20,Lafayette Ave & Fort Greene Pl,False,2016-01-22 16:30:25
275,Washington Ave & Greene Ave,16,19,40.68650065,-73.96563307,In Service,1,3,Washington Ave & Greene Ave,False,2016-01-22 16:31:51
276,Duane St & Greenwich St,2,25,40.71748752,-74.0104554,In Service,1,22,Duane St & Greenwich St,False,2016-01-22 16:30:57
278,Concord St & Bridge St,8,19,40.69766564,-73.98476437,In Service,1,10,Concord St & Bridge St,False,2016-01-22 16:31:17
279,Peck Slip & Front St,13,36,40.707873,-74.00167,In Service,1,23,Peck Slip & Front St,False,2016-01-22 16:29:22
280,E 10 St & 5 Ave,10,31,40.73331967,-73.99510132,In Service,1,20,E 10 St & 5 Ave,False,2016-01-22 16:32:37
281,Grand Army Plaza & Central Park S,33,59,40.7643971,-73.97371465,In Service,1,26,Grand Army Plaza & Central Park S,False,2016-01-22 16:29:55
282,Kent Ave & S 11 St,23,27,40.70827295,-73.96834101,In Service,1,4,Kent Ave & S 11 St,False,2016-01-22 16:31:08
284,Greenwich Ave & 8 Ave,16,43,40.7390169121,-74.0026376103,In Service,1,26,Greenwich Ave & 8 Ave,False,2016-01-22 16:31:12
285,Broadway & E 14 St,36,47,40.73454567,-73.99074142,In Service,1,10,Broadway & E 14 St,False,2016-01-22 16:31:31
289,Monroe St & Classon Ave,13,19,40.6845683,-73.95881081,In Service,1,6,Monroe St & Classon Ave,False,2016-01-22 16:30:06
291,Madison St & Montgomery St,20,20,40.713126,-73.984844,In Service,1,0,Madison St & Montgomery St,False,2016-01-22 16:29:15
293,Lafayette St & E 8 St,42,55,40.73028666,-73.9907647,In Service,1,10,Lafayette St & E 8 St,False,2016-01-22 16:32:19
295,Pike St & E Broadway,24,24,40.71406667,-73.99293911,In Service,1,0,Pike St & E Broadway,False,2016-01-22 16:29:05
296,Division St & Bowery,6,35,40.71413089,-73.9970468,In Service,1,27,Division St & Bowery,False,2016-01-22 16:32:10
297,E 15 St & 3 Ave,21,27,40.734232,-73.986923,In Service,1,6,E 15 St & 3 Ave,False,2016-01-22 16:29:03
298,3 Ave & Schermerhorn St,14,35,40.68683208,-73.9796772,In Service,1,21,3 Ave & Schermerhorn St,False,2016-01-22 16:31:19
300,Shevchenko Pl & E 7 St,42,55,40.728145,-73.990214,In Service,1,11,Shevchenko Pl & E 7 St,False,2016-01-22 16:32:46
301,E 2 St & Avenue B,35,37,40.72217444,-73.98368779,In Service,1,1,E 2 St & Avenue B,False,2016-01-22 16:31:27
302,Avenue D & E 3 St,23,23,40.72082834,-73.97793172,In Service,1,0,Avenue D & E 3 St,False,2016-01-22 16:30:29
303,Mercer St & Spring St,10,31,40.72362738,-73.99949601,In Service,1,21,Mercer St & Spring St,False,2016-01-22 16:32:02
304,Broadway & Battery Pl,7,36,40.70463334,-74.01361706,In Service,1,27,Broadway & Battery Pl,False,2016-01-22 16:31:14
305,E 58 St & 3 Ave,13,33,40.76095756,-73.96724467,In Service,1,19,E 58 St & 3 Ave,False,2016-01-22 16:32:28
306,Cliff St & Fulton St,10,37,40.70823502,-74.00530063,In Service,1,25,Cliff St & Fulton St,False,2016-01-22 16:30:46
307,Canal St & Rutgers St,27,29,40.71427487,-73.98990025,In Service,1,2,Canal St & Rutgers St,False,2016-01-22 16:31:44
308,St James Pl & Oliver St,21,27,40.71307916,-73.99851193,In Service,1,3,St James Pl & Oliver St,False,2016-01-22 16:31:38
309,Murray St & West St,4,41,40.7149787,-74.013012,In Service,1,37,Murray St & West St,False,2016-01-22 16:30:43
310,State St & Smith St,22,36,40.68926942,-73.98912867,In Service,1,12,State St & Smith St,False,2016-01-22 16:29:51
311,Norfolk St & Broome St,26,31,40.7172274,-73.98802084,In Service,1,5,Norfolk St & Broome St,False,2016-01-22 16:30:04
312,Allen St & E Houston St,26,31,40.722055,-73.989111,In Service,1,5,Allen St & E Houston St,False,2016-01-22 16:29:33
313,Washington Ave & Park Ave,1,23,40.69610226,-73.96751037,In Service,1,22,Washington Ave & Park Ave,False,2016-01-22 16:32:20
314,Cadman Plaza West & Montague St,20,39,40.69383,-73.990539,In Service,1,18,Cadman Plaza West & Montague St,False,2016-01-22 16:30:34
315,South St & Gouverneur Ln,6,29,40.70355377,-74.00670227,In Service,1,23,South St & Gouverneur Ln,False,2016-01-22 16:31:34
316,Fulton St & William St,10,43,40.70955958,-74.00653609,In Service,1,32,Fulton St & William St,False,2016-01-22 16:28:58
317,E 6 St & Avenue B,17,27,40.72453734,-73.98185424,In Service,1,10,E 6 St & Avenue B,False,2016-01-22 16:32:47
319,Fulton St & Broadway,9,33,40.711066,-74.009447,In Service,1,23,Fulton St & Broadway,False,2016-01-22 16:30:28
320,Leonard St & Church St,4,39,40.717571,-74.005549,In Service,1,35,Leonard St & Church St,False,2016-01-22 16:31:31
321,Cadman Plaza E & Red Cross Pl,9,27,40.69991755,-73.98971773,In Service,1,17,Cadman Plaza E & Red Cross Pl,False,2016-01-22 16:29:44
322,Clinton St & Tillary St,23,31,40.696192,-73.991218,In Service,1,7,Clinton St & Tillary St,False,2016-01-22 16:31:22
323,Lawrence St & Willoughby St,3,39,40.69236178,-73.98631746,In Service,1,35,Lawrence St & Willoughby St,False,2016-01-22 16:29:08
324,DeKalb Ave & Hudson Ave,19,51,40.689888,-73.981013,In Service,1,32,DeKalb Ave & Hudson Ave,False,2016-01-22 16:32:22
325,E 19 St & 3 Ave,34,35,40.73624527,-73.98473765,In Service,1,1,E 19 St & 3 Ave,False,2016-01-22 16:32:00
326,E 11 St & 1 Ave,27,27,40.72953837,-73.98426726,In Service,1,0,E 11 St & 1 Ave,False,2016-01-22 16:29:08
327,Vesey Pl & River Terrace,20,39,40.7153379,-74.01658354,In Service,1,18,Vesey Pl & River Terrace,False,2016-01-22 16:32:29
328,Watts St & Greenwich St,9,23,40.72405549,-74.00965965,In Service,1,13,Watts St & Greenwich St,False,2016-01-22 16:30:53
329,Greenwich St & N Moore St,20,31,40.72043411,-74.01020609,In Service,1,11,Greenwich St & N Moore St,False,2016-01-22 16:30:58
330,Reade St & Broadway,21,39,40.71450451,-74.00562789,In Service,1,18,Reade St & Broadway,False,2016-01-22 16:32:26
331,Pike St & Monroe St,26,27,40.71173107,-73.99193043,In Service,1,1,Pike St & Monroe St,False,2016-01-22 16:28:54
332,Cherry St,18,24,40.71219906,-73.97948148,In Service,1,6,Cherry St,False,2016-01-22 16:30:14
334,W 20 St & 7 Ave,14,31,40.74238787,-73.99726235,In Service,1,17,W 20 St & 7 Ave,False,2016-01-22 16:29:01
335,Washington Pl & Broadway,12,27,40.72903917,-73.99404649,In Service,1,14,Washington Pl & Broadway,False,2016-01-22 16:32:27
336,Sullivan St & Washington Sq,19,36,40.73047747,-73.99906065,In Service,1,17,Sullivan St & Washington Sq,False,2016-01-22 16:31:14
337,Old Slip & Front St,17,37,40.7037992,-74.00838676,In Service,1,20,Old Slip & Front St,False,2016-01-22 16:31:52
339,Avenue D & E 12 St,23,24,40.72580614,-73.97422494,In Service,1,1,Avenue D & E 12 St,False,2016-01-22 16:31:27
340,Madison St & Clinton St,27,27,40.71269042,-73.98776323,In Service,1,0,Madison St & Clinton St,False,2016-01-22 16:30:48
341,Stanton St & Mangin St,19,19,40.71782143,-73.97628939,In Service,1,0,Stanton St & Mangin St,False,2016-01-22 16:31:15
342,Columbia St & Rivington St,29,29,40.71739973,-73.98016555,In Service,1,0,Columbia St & Rivington St,False,2016-01-22 16:32:30
343,Clinton Ave & Flushing Ave,0,23,40.69794,-73.96986848,In Service,1,23,Clinton Ave & Flushing Ave,False,2016-01-22 16:29:40
344,Monroe St & Bedford Ave,13,23,40.6851443,-73.95380904,In Service,1,10,Monroe St & Bedford Ave,False,2016-01-22 16:30:02
345,W 13 St & 6 Ave,17,35,40.73649403,-73.99704374,In Service,1,18,W 13 St & 6 Ave,False,2016-01-22 16:30:12
346,Bank St & Hudson St,25,27,40.73652889,-74.00618026,In Service,1,2,Bank St & Hudson St,False,2016-01-22 16:30:15
347,Greenwich St & W Houston St,12,35,40.728846,-74.008591,In Service,1,22,Greenwich St & W Houston St,False,2016-01-22 16:31:26
348,W Broadway & Spring St,12,42,40.72490985,-74.00154702,In Service,1,30,W Broadway & Spring St,False,2016-01-22 16:31:54
350,Clinton St & Grand St,27,28,40.71559509,-73.9870295,In Service,1,1,Clinton St & Grand St,False,2016-01-22 16:31:55
351,Front St & Maiden Ln,7,39,40.70530954,-74.00612572,In Service,1,29,Front St & Maiden Ln,False,2016-01-22 16:32:41
352,W 56 St & 6 Ave,6,36,40.76340613,-73.97722479,In Service,1,30,W 56 St & 6 Ave,False,2016-01-22 16:32:23
353,S Portland Ave & Hanson Pl,13,27,40.68539567,-73.97431458,In Service,1,14,S Portland Ave & Hanson Pl,False,2016-01-22 16:31:33
354,Emerson Pl & Myrtle Ave,7,23,40.69363137,-73.96223558,In Service,1,16,Emerson Pl & Myrtle Ave,False,2016-01-22 16:29:15
355,Bayard St & Baxter St,37,43,40.71602118,-73.99974372,In Service,1,6,Bayard St & Baxter St,False,2016-01-22 16:31:43
356,Bialystoker Pl & Delancey St,23,23,40.71622644,-73.98261206,In Service,1,0,Bialystoker Pl & Delancey St,False,2016-01-22 16:31:57
357,E 11 St & Broadway,23,27,40.73261787,-73.99158043,In Service,1,4,E 11 St & Broadway,False,2016-01-22 16:29:39
358,Christopher St & Greenwich St,32,36,40.73291553,-74.00711384,In Service,1,4,Christopher St & Greenwich St,False,2016-01-22 16:32:48
359,E 47 St & Park Ave,30,55,40.75510267,-73.97498696,In Service,1,24,E 47 St & Park Ave,False,2016-01-22 16:32:40
360,William St & Pine St,30,39,40.70717936,-74.00887308,In Service,1,9,William St & Pine St,False,2016-01-22 16:31:54
361,Allen St & Hester St,41,43,40.71605866,-73.99190759,In Service,1,2,Allen St & Hester St,False,2016-01-22 16:29:53
362,Broadway & W 37 St,55,57,40.75172632,-73.98753523,In Service,1,2,Broadway & W 37 St,False,2016-01-22 16:30:17
363,West Thames St,46,49,40.70834698,-74.01713445,In Service,1,3,West Thames St,False,2016-01-22 16:30:54
364,Lafayette Ave & Classon Ave,17,27,40.68900443,-73.96023854,In Service,1,9,Lafayette Ave & Classon Ave,False,2016-01-22 16:29:43
365,Fulton St & Grand Ave,20,31,40.68223166,-73.9614583,In Service,1,11,Fulton St & Grand Ave,False,2016-01-22 16:32:04
366,Clinton Ave & Myrtle Ave,21,33,40.693261,-73.968896,In Service,1,11,Clinton Ave & Myrtle Ave,False,2016-01-22 16:30:04
367,E 53 St & Lexington Ave,11,34,40.75828065,-73.97069431,In Service,1,22,E 53 St & Lexington Ave,False,2016-01-22 16:31:29
368,Carmine St & 6 Ave,13,39,40.73038599,-74.00214988,In Service,1,26,Carmine St & 6 Ave,False,2016-01-22 16:28:52
369,Washington Pl & 6 Ave,34,35,40.73224119,-74.00026394,In Service,1,1,Washington Pl & 6 Ave,False,2016-01-22 16:30:35
372,Franklin Ave & Myrtle Ave,14,27,40.694528,-73.958089,In Service,1,13,Franklin Ave & Myrtle Ave,False,2016-01-22 16:30:56
373,Willoughby Ave & Walworth St,3,19,40.69331716,-73.95381995,In Service,1,16,Willoughby Ave & Walworth St,False,2016-01-22 16:30:38
375,Mercer St & Bleecker St,17,30,40.72679454,-73.99695094,In Service,1,12,Mercer St & Bleecker St,False,2016-01-22 16:29:43
376,John St & William St,10,43,40.70862144,-74.00722156,In Service,1,32,John St & William St,False,2016-01-22 16:29:16
377,6 Ave & Canal St,5,47,40.72243797,-74.00566443,In Service,1,42,6 Ave & Canal St,False,2016-01-22 16:31:38
379,W 31 St & 7 Ave,0,42,40.749156,-73.9916,In Service,1,39,W 31 St & 7 Ave,False,2016-01-22 16:30:16
380,W 4 St & 7 Ave S,6,39,40.73401143,-74.00293877,In Service,1,33,W 4 St & 7 Ave S,False,2016-01-22 16:30:37
382,University Pl & E 14 St,0,36,40.73492695,-73.99200509,In Service,1,35,University Pl & E 14 St,False,2016-01-22 16:31:27
383,Greenwich Ave & Charles St,18,39,40.735238,-74.000271,In Service,1,20,Greenwich Ave & Charles St,False,2016-01-22 16:31:42
384,Fulton St & Washington Ave,20,31,40.683048,-73.964915,In Service,1,11,Fulton St & Washington Ave,False,2016-01-22 16:29:06
385,E 55 St & 2 Ave,24,29,40.75797322,-73.96603308,In Service,1,5,E 55 St & 2 Ave,False,2016-01-22 16:32:24
386,Centre St & Worth St,7,43,40.71494807,-74.00234482,In Service,1,36,Centre St & Worth St,False,2016-01-22 16:30:16
387,Centre St & Chambers St,28,39,40.71273266,-74.0046073,In Service,1,10,Centre St & Chambers St,False,2016-01-22 16:30:38
388,W 26 St & 10 Ave,23,35,40.749717753,-74.002950346,In Service,1,10,W 26 St & 10 Ave,False,2016-01-22 16:31:10
389,Broadway & Berry St,26,27,40.71044554,-73.96525063,In Service,1,1,Broadway & Berry St,False,2016-01-22 16:29:12
390,Duffield St & Willoughby St,6,31,40.69221589,-73.9842844,In Service,1,23,Duffield St & Willoughby St,False,2016-01-22 16:31:49
391,Clark St & Henry St,13,31,40.69760127,-73.99344559,In Service,1,17,Clark St & Henry St,False,2016-01-22 16:30:21
392,Jay St & Tech Pl,17,32,40.695065,-73.987167,In Service,1,15,Jay St & Tech Pl,False,2016-01-22 16:29:29
393,E 5 St & Avenue C,28,31,40.72299208,-73.97995466,In Service,1,3,E 5 St & Avenue C,False,2016-01-22 16:30:14
394,E 9 St & Avenue C,24,32,40.72521311,-73.97768752,In Service,1,8,E 9 St & Avenue C,False,2016-01-22 16:30:37
395,Bond St & Schermerhorn St,9,30,40.68807003,-73.98410637,In Service,1,21,Bond St & Schermerhorn St,False,2016-01-22 16:32:47
396,Lefferts Pl & Franklin Ave,22,25,40.680342423,-73.9557689392,In Service,1,3,Lefferts Pl & Franklin Ave,False,2016-01-22 16:29:03
397,Fulton St & Clermont Ave,27,27,40.68415748,-73.96922273,In Service,1,0,Fulton St & Clermont Ave,False,2016-01-22 16:31:10
398,Atlantic Ave & Furman St,18,31,40.69165183,-73.9999786,In Service,1,13,Atlantic Ave & Furman St,False,2016-01-22 16:29:32
399,Lafayette Ave & St James Pl,14,27,40.68851534,-73.9647628,In Service,1,13,Lafayette Ave & St James Pl,False,2016-01-22 16:31:25
400,Pitt St & Stanton St,10,15,40.71926081,-73.98178024,In Service,1,4,Pitt St & Stanton St,False,2016-01-22 16:31:48
401,Allen St & Rivington St,39,43,40.72019576,-73.98997825,In Service,1,3,Allen St & Rivington St,False,2016-01-22 16:30:51
402,Broadway & E 22 St,14,42,40.7403432,-73.98955109,In Service,1,26,Broadway & E 22 St,False,2016-01-22 16:30:44
403,E 2 St & 2 Ave,17,31,40.72502876,-73.99069656,In Service,1,12,E 2 St & 2 Ave,False,2016-01-22 16:30:21
405,Washington St & Gansevoort St,22,40,40.739323,-74.008119,In Service,1,18,Washington St & Gansevoort St,False,2016-01-22 16:32:19
406,Hicks St & Montague St,12,34,40.69512845,-73.99595065,In Service,1,22,Hicks St & Montague St,False,2016-01-22 16:31:57
407,Henry St & Poplar St,32,37,40.700469,-73.991454,In Service,1,5,Henry St & Poplar St,False,2016-01-22 16:30:13
408,Market St & Cherry St,20,23,40.71076228,-73.99400398,In Service,1,3,Market St & Cherry St,False,2016-01-22 16:32:47
409,DeKalb Ave & Skillman St,17,19,40.6906495,-73.95643107,In Service,1,2,DeKalb Ave & Skillman St,False,2016-01-22 16:29:43
410,Suffolk St & Stanton St,32,35,40.72066442,-73.98517977,In Service,1,3,Suffolk St & Stanton St,False,2016-01-22 16:30:49
411,E 6 St & Avenue D,19,23,40.72228087,-73.97668709,In Service,1,3,E 6 St & Avenue D,False,2016-01-22 16:30:15
412,Forsyth St & Canal St,25,29,40.7158155,-73.99422366,In Service,1,4,Forsyth St & Canal St,False,2016-01-22 16:31:43
414,Pearl St & Anchorage Pl,11,24,40.70281858,-73.98765762,In Service,1,13,Pearl St & Anchorage Pl,False,2016-01-22 16:30:02
415,Pearl St & Hanover Square,18,42,40.7047177,-74.00926027,In Service,1,24,Pearl St & Hanover Square,False,2016-01-22 16:31:33
416,Cumberland St & Lafayette Ave,28,31,40.68753406,-73.97265183,In Service,1,3,Cumberland St & Lafayette Ave,False,2016-01-22 16:29:11
417,Barclay St & Church St,5,23,40.71291224,-74.01020234,In Service,1,18,Barclay St & Church St,False,2016-01-22 16:30:43
418,Front St & Gold St,10,23,40.70224,-73.982578,In Service,1,12,Front St & Gold St,False,2016-01-22 16:32:09
419,Carlton Ave & Park Ave,22,23,40.69580705,-73.97355569,In Service,1,1,Carlton Ave & Park Ave,False,2016-01-22 16:29:23
420,Clermont Ave & Lafayette Ave,23,23,40.68764484,-73.96968902,In Service,1,0,Clermont Ave & Lafayette Ave,False,2016-01-22 16:31:28
421,Clermont Ave & Park Ave,9,19,40.69573398,-73.97129668,In Service,1,10,Clermont Ave & Park Ave,False,2016-01-22 16:30:29
422,W 59 St & 10 Ave,49,55,40.770513,-73.988038,In Service,1,5,W 59 St & 10 Ave,False,2016-01-22 16:29:33
423,W 54 St & 9 Ave,3,3,40.76584941,-73.98690506,Not In Service,3,0,W 54 St & 9 Ave,False,2015-12-14 11:04:17
426,West St & Chambers St,11,31,40.71754834,-74.01322069,In Service,1,19,West St & Chambers St,False,2016-01-22 16:30:18
427,Bus Slip & State St,15,47,40.701907,-74.013942,In Service,1,32,Bus Slip & State St,False,2016-01-22 16:29:49
428,E 3 St & 1 Ave,18,31,40.72467721,-73.98783413,In Service,1,11,E 3 St & 1 Ave,False,2016-01-22 16:32:27
430,York St & Jay St,2,27,40.7014851,-73.98656928,In Service,1,23,York St & Jay St,False,2016-01-22 16:30:34
432,E 7 St & Avenue A,30,31,40.72621788,-73.98379855,In Service,1,1,E 7 St & Avenue A,False,2016-01-22 16:32:43
433,E 13 St & Avenue A,39,39,40.72955361,-73.98057249,In Service,1,0,E 13 St & Avenue A,False,2016-01-22 16:32:11
434,9 Ave & W 18 St,21,27,40.74317449,-74.00366443,In Service,1,6,9 Ave & W 18 St,False,2016-01-22 16:30:56
435,W 21 St & 6 Ave,10,47,40.74173969,-73.99415556,In Service,1,34,W 21 St & 6 Ave,False,2016-01-22 16:31:28
436,Hancock St & Bedford Ave,19,27,40.68216564,-73.95399026,In Service,1,8,Hancock St & Bedford Ave,False,2016-01-22 16:28:54
437,Macon St & Nostrand Ave,16,24,40.6809833854,-73.9500479759,In Service,1,8,Macon St & Nostrand Ave,False,2016-01-22 16:29:52
438,St Marks Pl & 1 Ave,25,27,40.72779126,-73.98564945,In Service,1,1,St Marks Pl & 1 Ave,False,2016-01-22 16:31:27
439,E 4 St & 2 Ave,31,39,40.7262807,-73.98978041,In Service,1,6,E 4 St & 2 Ave,False,2016-01-22 16:29:28
440,E 45 St & 3 Ave,26,32,40.75255434,-73.97282625,In Service,1,6,E 45 St & 3 Ave,False,2016-01-22 16:29:22
441,E 52 St & 2 Ave,29,35,40.756014,-73.967416,In Service,1,5,E 52 St & 2 Ave,False,2016-01-22 16:32:45
442,W 27 St & 7 Ave,24,51,40.746647,-73.993915,In Service,1,24,W 27 St & 7 Ave,False,2016-01-22 16:31:15
443,Bedford Ave & S 9 St,21,23,40.70853074,-73.96408963,In Service,1,2,Bedford Ave & S 9 St,False,2016-01-22 16:29:32
444,Broadway & W 24 St,5,52,40.7423543,-73.98915076,In Service,1,43,Broadway & W 24 St,False,2016-01-22 16:32:07
445,E 10 St & Avenue A,21,42,40.72740794,-73.98142006,In Service,1,21,E 10 St & Avenue A,False,2016-01-22 16:29:39
446,W 24 St & 7 Ave,22,39,40.74487634,-73.99529885,In Service,1,12,W 24 St & 7 Ave,False,2016-01-22 16:30:01
447,8 Ave & W 52 St,20,31,40.76370739,-73.9851615,In Service,1,6,8 Ave & W 52 St,False,2016-01-22 16:28:56
448,W 37 St & 10 Ave,28,31,40.75660359,-73.9979009,In Service,1,1,W 37 St & 10 Ave,False,2016-01-22 16:31:25
449,W 52 St & 9 Ave,29,31,40.76461837,-73.98789473,In Service,1,1,W 52 St & 9 Ave,False,2016-01-22 16:29:29
450,W 49 St & 8 Ave,53,59,40.76227205,-73.98788205,In Service,1,6,W 49 St & 8 Ave,False,2016-01-22 16:32:18
453,W 22 St & 8 Ave,26,39,40.74475148,-73.99915362,In Service,1,13,W 22 St & 8 Ave,False,2016-01-22 16:32:37
454,E 51 St & 1 Ave,33,35,40.75455731,-73.96592976,In Service,1,2,E 51 St & 1 Ave,False,2016-01-22 16:32:47
455,1 Ave & E 44 St,0,39,40.75001986,-73.96905301,Not In Service,1,0,1 Ave & E 44 St,False,2016-01-22 16:32:26
456,E 53 St & Madison Ave,20,35,40.7597108,-73.97402311,In Service,1,14,E 53 St & Madison Ave,False,2016-01-22 16:31:01
457,Broadway & W 58 St,16,39,40.76695317,-73.98169333,In Service,1,21,Broadway & W 58 St,False,2016-01-22 16:31:48
458,11 Ave & W 27 St,8,31,40.751396,-74.005226,In Service,1,23,11 Ave & W 27 St,False,2016-01-22 16:30:39
459,W 20 St & 11 Ave,22,49,40.746745,-74.007756,In Service,1,25,W 20 St & 11 Ave,False,2016-01-22 16:32:22
460,S 4 St & Wythe Ave,5,23,40.71285887,-73.96590294,In Service,1,18,S 4 St & Wythe Ave,False,2016-01-22 16:30:06
461,E 20 St & 2 Ave,37,39,40.73587678,-73.98205027,In Service,1,2,E 20 St & 2 Ave,False,2016-01-22 16:30:23
462,W 22 St & 10 Ave,34,47,40.74691959,-74.00451887,In Service,1,13,W 22 St & 10 Ave,False,2016-01-22 16:32:21
463,9 Ave & W 16 St,8,25,40.74206539,-74.00443172,In Service,1,16,9 Ave & W 16 St,False,2016-01-22 16:31:36
465,Broadway & W 41 St,36,39,40.75513557,-73.98658032,In Service,1,1,Broadway & W 41 St,False,2016-01-22 16:32:12
466,W 25 St & 6 Ave,21,35,40.74395411,-73.99144871,In Service,1,14,W 25 St & 6 Ave,False,2016-01-22 16:31:10
467,Dean St & 4 Ave,11,34,40.68312489,-73.97895137,In Service,1,23,Dean St & 4 Ave,False,2016-01-22 16:29:47
468,Broadway & W 55 St,57,59,40.7652654,-73.98192338,In Service,1,0,Broadway & W 55 St,False,2016-01-22 16:29:57
469,Broadway & W 53 St,56,57,40.76344058,-73.98268129,In Service,1,0,Broadway & W 53 St,False,2016-01-22 16:30:07
470,W 20 St & 8 Ave,29,37,40.74345335,-74.00004031,In Service,1,8,W 20 St & 8 Ave,False,2016-01-22 16:30:37
471,Grand St & Havemeyer St,7,31,40.71286844,-73.95698119,In Service,1,24,Grand St & Havemeyer St,False,2016-01-22 16:29:02
472,E 32 St & Park Ave,40,41,40.7457121,-73.98194829,In Service,1,0,E 32 St & Park Ave,False,2016-01-22 16:29:18
473,Rivington St & Chrystie St,33,38,40.72110063,-73.9919254,In Service,1,4,Rivington St & Chrystie St,False,2016-01-22 16:32:11
474,5 Ave & E 29 St,24,47,40.7451677,-73.98683077,In Service,1,23,5 Ave & E 29 St,False,2016-01-22 16:31:42
475,E 16 St & Irving Pl,21,37,40.73524276,-73.98758561,In Service,1,16,E 16 St & Irving Pl,False,2016-01-22 16:30:28
476,E 31 St & 3 Ave,46,47,40.74394314,-73.97966069,In Service,1,1,E 31 St & 3 Ave,False,2016-01-22 16:29:26
477,W 41 St & 8 Ave,14,59,40.75640548,-73.9900262,In Service,1,42,W 41 St & 8 Ave,False,2016-01-22 16:32:40
478,11 Ave & W 41 St,28,31,40.76030096,-73.99884222,In Service,1,3,11 Ave & W 41 St,False,2016-01-22 16:31:27
479,9 Ave & W 45 St,18,31,40.76019252,-73.9912551,In Service,1,11,9 Ave & W 45 St,False,2016-01-22 16:29:40
480,W 53 St & 10 Ave,26,27,40.76669671,-73.99061728,In Service,1,0,W 53 St & 10 Ave,False,2016-01-22 16:31:40
481,S 3 St & Bedford Ave,14,25,40.71260486,-73.96264403,In Service,1,11,S 3 St & Bedford Ave,False,2016-01-22 16:29:39
482,W 15 St & 7 Ave,36,39,40.73935542,-73.99931783,In Service,1,3,W 15 St & 7 Ave,False,2016-01-22 16:32:05
483,E 12 St & 3 Ave,31,35,40.73223272,-73.98889957,In Service,1,3,E 12 St & 3 Ave,False,2016-01-22 16:32:29
484,W 44 St & 5 Ave,32,44,40.75500254,-73.98014437,In Service,1,11,W 44 St & 5 Ave,False,2016-01-22 16:32:33
485,W 37 St & 5 Ave,35,39,40.75038009,-73.98338988,In Service,1,1,W 37 St & 5 Ave,False,2016-01-22 16:30:09
486,Broadway & W 29 St,33,39,40.7462009,-73.98855723,In Service,1,4,Broadway & W 29 St,False,2016-01-22 16:31:31
487,E 20 St & FDR Drive,28,36,40.73314259,-73.97573881,In Service,1,8,E 20 St & FDR Drive,False,2016-01-22 16:32:05
488,W 39 St & 9 Ave,25,41,40.75645824,-73.99372222,In Service,1,14,W 39 St & 9 Ave,False,2016-01-22 16:30:15
489,10 Ave & W 28 St,34,37,40.75066386,-74.00176802,In Service,1,3,10 Ave & W 28 St,False,2016-01-22 16:30:30
490,8 Ave & W 33 St,19,59,40.751551,-73.993934,In Service,1,36,8 Ave & W 33 St,False,2016-01-22 16:32:20
491,E 24 St & Park Ave S,32,53,40.74096374,-73.98602213,In Service,1,19,E 24 St & Park Ave S,False,2016-01-22 16:30:13
492,W 33 St & 7 Ave,0,49,40.75019995,-73.99093085,In Service,1,46,W 33 St & 7 Ave,False,2016-01-22 16:29:49
493,W 45 St & 6 Ave,12,34,40.7568001,-73.98291153,In Service,1,16,W 45 St & 6 Ave,False,2016-01-22 16:32:23
494,W 26 St & 8 Ave,23,35,40.74734825,-73.99723551,In Service,1,12,W 26 St & 8 Ave,False,2016-01-22 16:31:30
495,W 47 St & 10 Ave,23,25,40.76269882,-73.99301222,In Service,1,2,W 47 St & 10 Ave,False,2016-01-22 16:30:05
496,E 16 St & 5 Ave,24,47,40.73726186,-73.99238967,In Service,1,21,E 16 St & 5 Ave,False,2016-01-22 16:29:08
497,E 17 St & Broadway,59,59,40.73704984,-73.99009296,In Service,1,0,E 17 St & Broadway,False,2016-01-22 16:31:02
498,Broadway & W 32 St,30,30,40.74854862,-73.98808416,In Service,1,0,Broadway & W 32 St,False,2016-01-22 16:32:08
499,Broadway & W 60 St,24,36,40.76915505,-73.98191841,In Service,1,12,Broadway & W 60 St,False,2016-01-22 16:31:09
500,Broadway & W 51 St,52,52,40.76228826,-73.98336183,In Service,1,0,Broadway & W 51 St,False,2016-01-22 16:31:25
501,FDR Drive & E 35 St,17,43,40.744219,-73.97121214,In Service,1,26,FDR Drive & E 35 St,False,2016-01-22 16:31:20
502,Henry St & Grand St,29,30,40.714215,-73.981346,In Service,1,1,Henry St & Grand St,False,2016-01-22 16:30:10
503,E 20 St & Park Ave,2,29,40.73827428,-73.98751968,In Service,1,27,E 20 St & Park Ave,False,2016-01-22 16:30:25
504,1 Ave & E 15 St,42,45,40.73221853,-73.98165557,In Service,1,3,1 Ave & E 15 St,False,2016-01-22 16:29:26
505,6 Ave & W 33 St,28,36,40.74901271,-73.98848395,In Service,1,6,6 Ave & W 33 St,False,2016-01-22 16:30:48
507,E 25 St & 2 Ave,47,47,40.73912601,-73.97973776,In Service,1,0,E 25 St & 2 Ave,False,2016-01-22 16:31:22
508,W 46 St & 11 Ave,13,24,40.76341379,-73.99667444,In Service,1,11,W 46 St & 11 Ave,False,2016-01-22 16:32:09
509,9 Ave & W 22 St,2,36,40.7454973,-74.00197139,In Service,1,34,9 Ave & W 22 St,False,2016-01-22 16:32:25
510,W 51 St & 6 Ave,16,51,40.7606597,-73.98042047,In Service,1,31,W 51 St & 6 Ave,False,2016-01-22 16:32:44
511,E 14 St & Avenue B,28,33,40.72938685,-73.97772429,In Service,1,4,E 14 St & Avenue B,False,2016-01-22 16:32:21
512,W 29 St & 9 Ave,18,27,40.7500727,-73.99839279,In Service,1,8,W 29 St & 9 Ave,False,2016-01-22 16:32:34
513,W 56 St & 10 Ave,27,27,40.768254,-73.988639,In Service,1,0,W 56 St & 10 Ave,False,2016-01-22 16:28:52
514,12 Ave & W 40 St,32,53,40.76087502,-74.00277668,In Service,1,14,12 Ave & W 40 St,False,2016-01-22 16:29:58
515,W 43 St & 10 Ave,24,35,40.76009437,-73.99461843,In Service,1,10,W 43 St & 10 Ave,False,2016-01-22 16:32:30
516,E 47 St & 1 Ave,29,31,40.75206862,-73.96784384,In Service,1,2,E 47 St & 1 Ave,False,2016-01-22 16:32:26
517,Pershing Square South,57,59,40.751581,-73.97791,In Service,1,1,Pershing Square South,False,2016-01-22 16:31:58
518,E 39 St & 2 Ave,34,39,40.74780373,-73.9734419,In Service,1,4,E 39 St & 2 Ave,False,2016-01-22 16:32:44
519,Pershing Square North,32,61,40.751873,-73.977706,In Service,1,23,Pershing Square North,False,2016-01-22 16:32:34
520,W 52 St & 5 Ave,15,39,40.75992262,-73.97648516,In Service,1,24,W 52 St & 5 Ave,False,2016-01-22 16:31:13
521,8 Ave & W 31 St,1,39,40.75096734871598,-73.99444207549095,In Service,1,35,8 Ave & W 31 St,False,2016-01-22 16:31:19
522,E 51 St & Lexington Ave,28,51,40.75714758,-73.97207836,In Service,1,23,E 51 St & Lexington Ave,False,2016-01-22 16:30:41
523,W 38 St & 8 Ave,36,51,40.75466591,-73.99138152,In Service,1,13,W 38 St & 8 Ave,False,2016-01-22 16:32:40
524,W 43 St & 6 Ave,35,57,40.75527307,-73.98316936,In Service,1,19,W 43 St & 6 Ave,False,2016-01-22 16:30:54
525,W 34 St & 11 Ave,30,39,40.75594159,-74.0021163,In Service,1,9,W 34 St & 11 Ave,False,2016-01-22 16:30:39
526,E 33 St & 5 Ave,34,39,40.74765947,-73.98490707,In Service,1,1,E 33 St & 5 Ave,False,2016-01-22 16:32:45
527,E 33 St & 2 Ave,57,59,40.744023,-73.976056,In Service,1,2,E 33 St & 2 Ave,False,2016-01-22 16:32:42
528,2 Ave & E 31 St,30,39,40.74290902,-73.97706058,In Service,1,6,2 Ave & E 31 St,False,2016-01-22 16:32:48
529,W 42 St & 8 Ave,8,41,40.7575699,-73.99098507,In Service,1,31,W 42 St & 8 Ave,False,2016-01-22 16:32:35
530,11 Ave & W 59 St,33,36,40.771522,-73.990541,In Service,1,3,11 Ave & W 59 St,False,2016-01-22 16:32:18
531,Forsyth St & Broome St,37,39,40.71893904,-73.99266288,In Service,1,2,Forsyth St & Broome St,False,2016-01-22 16:32:12
532,S 5 Pl & S 4 St,31,43,40.710451,-73.960876,In Service,1,12,S 5 Pl & S 4 St,False,2016-01-22 16:31:37
533,Broadway & W 39 St,39,50,40.75299641,-73.98721619,In Service,1,11,Broadway & W 39 St,False,2016-01-22 16:32:26
534,Water - Whitehall Plaza,4,31,40.70255065,-74.0127234,In Service,1,24,Water - Whitehall Plaza,False,2016-01-22 16:29:42
536,1 Ave & E 30 St,25,29,40.74144387,-73.97536082,In Service,1,2,1 Ave & E 30 St,False,2016-01-22 16:29:01
537,Lexington Ave & E 24 St,31,39,40.74025878,-73.98409214,In Service,1,8,Lexington Ave & E 24 St,False,2016-01-22 16:31:44
539,Metropolitan Ave & Bedford Ave,20,31,40.71534825,-73.96024116,In Service,1,11,Metropolitan Ave & Bedford Ave,False,2016-01-22 16:31:59
540,Lexington Ave & E 29 St,25,30,40.74311555376486,-73.98215353488922,In Service,1,2,Lexington Ave & E 29 St,False,2016-01-22 16:32:46
545,E 23 St & 1 Ave,21,27,40.736502,-73.97809472,In Service,1,4,E 23 St & 1 Ave,False,2016-01-22 16:28:54
546,E 30 St & Park Ave S,24,38,40.74444921,-73.98303529,In Service,1,14,E 30 St & Park Ave S,False,2016-01-22 16:32:21
2000,Front St & Washington St,15,30,40.70255088,-73.98940236,In Service,1,15,Front St & Washington St,False,2016-01-22 16:28:52
2001,Sands St & Navy St,8,15,40.699773,-73.979927,In Service,1,7,Sands St & Navy St,False,2016-01-22 16:30:53
2002,Wythe Ave & Metropolitan Ave,19,27,40.716887,-73.963198,In Service,1,8,Wythe Ave & Metropolitan Ave,False,2016-01-22 16:30:37
2003,1 Ave & E 18 St,31,39,40.733812191966315,-73.98054420948029,In Service,1,7,1 Ave & E 18 St,False,2016-01-22 16:32:45
2004,6 Ave & Broome St,10,36,40.724399,-74.004704,In Service,1,26,6 Ave & Broome St,False,2016-01-22 16:30:23
2005,Railroad Ave & Kay Ave,6,12,40.70531194,-73.97100056,In Service,1,6,Railroad Ave & Kay Ave,False,2016-01-22 16:32:37
2006,Central Park S & 6 Ave,29,49,40.76590936,-73.97634151,In Service,1,19,Central Park S & 6 Ave,False,2016-01-22 16:32:21
2008,Little West St & 1 Pl,11,24,40.70569254,-74.01677685,In Service,1,13,Little West St & 1 Pl,False,2016-01-22 16:28:55
2009,Catherine St & Monroe St,34,35,40.71117444,-73.99682619,In Service,1,0,Catherine St & Monroe St,False,2016-01-22 16:30:49
2010,Grand St & Greene St,39,39,40.72165481,-74.00234737,In Service,1,0,Grand St & Greene St,False,2016-01-22 16:32:11
2012,E 27 St & 1 Ave,21,36,40.739445,-73.976806,In Service,1,14,E 27 St & 1 Ave,False,2016-01-22 16:29:31
2017,E 43 St & 2 Ave,39,39,40.75022392,-73.97121414,In Service,1,0,E 43 St & 2 Ave,False,2016-01-22 16:32:44
2021,W 45 St & 8 Ave,43,43,40.75929124,-73.98859651,In Service,1,0,W 45 St & 8 Ave,False,2016-01-22 16:29:56
2022,E 60 St & York Ave,31,33,40.759107,-73.959223,In Service,1,1,E 60 St & York Ave,False,2016-01-22 16:30:04
2023,E 55 St & Lexington Ave,26,36,40.75968085,-73.97031366,In Service,1,10,E 55 St & Lexington Ave,False,2016-01-22 16:31:30
3002,South End Ave & Liberty St,18,25,40.711512,-74.015756,In Service,1,7,South End Ave & Liberty St,False,2016-01-22 16:31:39
3041,Kingston Ave & Herkimer St,21,24,40.67890679,-73.94142771,In Service,1,2,Kingston Ave & Herkimer St,False,2016-01-22 16:29:09
3042,Fulton St & Utica Ave,2,19,40.6794268,-73.9298911,In Service,1,16,Fulton St & Utica Ave,False,2016-01-22 16:28:53
3043,Lewis Ave & Decatur St,13,19,40.6814598,-73.934903,In Service,1,6,Lewis Ave & Decatur St,False,2016-01-22 16:29:33
3044,Albany Ave & Fulton St,24,27,40.6800105,-73.938475,In Service,1,3,Albany Ave & Fulton St,False,2016-01-22 16:32:22
3046,Marcus Garvey Blvd & Macon St,11,19,40.682601,-73.938037,In Service,1,8,Marcus Garvey Blvd & Macon St,False,2016-01-22 16:31:26
3047,Halsey St & Tompkins Ave,20,21,40.6823687,-73.944118,In Service,1,0,Halsey St & Tompkins Ave,False,2016-01-22 16:31:14
3048,Putnam Ave & Nostrand Ave,12,19,40.68402,-73.94977,In Service,1,7,Putnam Ave & Nostrand Ave,False,2016-01-22 16:29:48
3049,Cambridge Pl & Gates Ave,18,18,40.68488,-73.96304,In Service,1,0,Cambridge Pl & Gates Ave,False,2016-01-22 16:30:54
3050,Putnam Ave & Throop Ave,20,21,40.6851532,-73.94111,In Service,1,1,Putnam Ave & Throop Ave,False,2016-01-22 16:32:48
3052,Lewis Ave & Madison St,15,23,40.686312,-73.935775,In Service,1,8,Lewis Ave & Madison St,False,2016-01-22 16:30:15
3053,Marcy Ave & Lafayette Ave,14,23,40.6900815,-73.947915,In Service,1,8,Marcy Ave & Lafayette Ave,False,2016-01-22 16:29:02
3054,Greene Ave & Throop Ave,17,19,40.6894932,-73.942061,In Service,1,2,Greene Ave & Throop Ave,False,2016-01-22 16:32:33
3055,Greene Ave & Nostrand Ave,22,23,40.6883337,-73.950916,In Service,1,1,Greene Ave & Nostrand Ave,False,2016-01-22 16:31:26
3056,Kosciuszko St & Nostrand Ave,18,23,40.69072549,-73.95133465,In Service,1,5,Kosciuszko St & Nostrand Ave,False,2016-01-22 16:29:57
3057,Kosciuszko St & Tompkins Ave,16,18,40.69128258,-73.9452416,In Service,1,2,Kosciuszko St & Tompkins Ave,False,2016-01-22 16:29:03
3058,Lewis Ave & Kosciuszko St,19,24,40.69237074,-73.93705428,In Service,1,5,Lewis Ave & Kosciuszko St,False,2016-01-22 16:30:25
3059,Pulaski St & Marcus Garvey Blvd,17,19,40.6933982,-73.939877,In Service,1,2,Pulaski St & Marcus Garvey Blvd,False,2016-01-22 16:29:45
3060,Willoughby Ave & Tompkins Ave,19,19,40.69425403,-73.94626915,In Service,1,0,Willoughby Ave & Tompkins Ave,False,2016-01-22 16:29:27
3061,Throop Ave & Myrtle Ave,19,21,40.69622937,-73.94371094,In Service,1,2,Throop Ave & Myrtle Ave,False,2016-01-22 16:31:51
3062,Myrtle Ave & Marcy Ave,20,23,40.69539817,-73.94954908,In Service,1,3,Myrtle Ave & Marcy Ave,False,2016-01-22 16:29:15
3063,Nostrand Ave & Myrtle Ave,11,20,40.69527008,-73.95238108,In Service,1,9,Nostrand Ave & Myrtle Ave,False,2016-01-22 16:32:30
3064,Myrtle Ave & Lewis Ave,17,23,40.69681963,-73.93756926,In Service,1,6,Myrtle Ave & Lewis Ave,False,2016-01-22 16:30:45
3065,Union Ave & Wallabout St,26,27,40.70029511,-73.95032283,In Service,1,1,Union Ave & Wallabout St,False,2016-01-22 16:30:38
3066,Tompkins Ave & Hopkins St,14,19,40.69957608,-73.94708417,In Service,1,4,Tompkins Ave & Hopkins St,False,2016-01-22 16:30:43
3067,Broadway & Whipple St,5,27,40.7016657,-73.9437303,In Service,1,21,Broadway & Whipple St,False,2016-01-22 16:31:11
3068,Humboldt St & Varet St,9,24,40.7031724,-73.940636,In Service,1,15,Humboldt St & Varet St,False,2016-01-22 16:31:53
3069,Lorimer St & Broadway,9,25,40.70411791,-73.94818595,In Service,1,14,Lorimer St & Broadway,False,2016-01-22 16:29:24
3070,McKibbin St & Manhattan Ave,23,23,40.70510918,-73.94407279,In Service,1,0,McKibbin St & Manhattan Ave,False,2016-01-22 16:30:20
3071,Boerum St & Broadway,13,19,40.70538077,-73.94976519,In Service,1,6,Boerum St & Broadway,False,2016-01-22 16:28:52
3072,Leonard St & Boerum St,8,24,40.70583339,-73.94644578,In Service,1,16,Leonard St & Boerum St,False,2016-01-22 16:28:57
3073,Division Ave & Hooper St,27,27,40.70691254,-73.95441667,In Service,1,0,Division Ave & Hooper St,False,2016-01-22 16:29:09
3074,Montrose Ave & Bushwick Ave,6,31,40.70767788,-73.94016171,In Service,1,24,Montrose Ave & Bushwick Ave,False,2016-01-22 16:32:13
3075,Division Ave & Marcy Ave,28,33,40.70708701,-73.95796783,In Service,1,5,Division Ave & Marcy Ave,False,2016-01-22 16:31:12
3076,Scholes St & Manhattan Ave,23,24,40.70870368,-73.9448625,In Service,1,1,Scholes St & Manhattan Ave,False,2016-01-22 16:31:18
3077,Stagg St & Union Ave,33,33,40.70877084,-73.95095259,In Service,1,0,Stagg St & Union Ave,False,2016-01-22 16:29:54
3078,Broadway & Roebling St,14,27,40.70925562,-73.95982218,In Service,1,12,Broadway & Roebling St,False,2016-01-22 16:32:16
3079,Leonard St & Grand St,7,24,40.71103537,-73.94714303,In Service,1,16,Leonard St & Grand St,False,2016-01-22 16:32:46
3080,S 4 St & Rodney St,18,21,40.70934,-73.95608,In Service,1,3,S 4 St & Rodney St,False,2016-01-22 16:28:57
3081,Graham Ave & Grand St,23,23,40.711863,-73.944024,In Service,1,0,Graham Ave & Grand St,False,2016-01-22 16:31:20
3082,Hope St & Union Ave,25,25,40.71167351,-73.95141312,In Service,1,0,Hope St & Union Ave,False,2016-01-22 16:31:29
3083,Bushwick Ave & Powers St,22,30,40.71247661,-73.94100005,In Service,1,8,Bushwick Ave & Powers St,False,2016-01-22 16:32:46
3084,Devoe St & Leonard St,9,19,40.71348658,-73.94792458,In Service,1,10,Devoe St & Leonard St,False,2016-01-22 16:30:26
3085,Roebling St & N 4 St,10,25,40.71469,-73.95739,In Service,1,15,Roebling St & N 4 St,False,2016-01-22 16:29:50
3086,Graham Ave & Conselyea St,6,25,40.715143,-73.944507,In Service,1,19,Graham Ave & Conselyea St,False,2016-01-22 16:30:25
3087,Metropolitan Ave & Meeker Ave,0,36,40.71413311,-73.95234386,In Service,1,34,Metropolitan Ave & Meeker Ave,False,2016-01-22 16:30:31
3088,Union Ave & Jackson St,14,22,40.7160751,-73.952029,In Service,1,8,Union Ave & Jackson St,False,2016-01-22 16:29:59
3089,Leonard St & Meeker Ave,16,21,40.717318403855785,-73.94820213317871,In Service,1,5,Leonard St & Meeker Ave,False,2016-01-22 16:30:48
3090,N 8 St & Driggs Ave,0,31,40.71774592,-73.95600096,In Service,1,31,N 8 St & Driggs Ave,False,2016-01-22 16:30:49
3091,Frost St & Meeker St,27,31,40.71764,-73.94882,In Service,1,4,Frost St & Meeker St,False,2016-01-22 16:29:26
3092,Berry St & N 8 St,19,27,40.7190095,-73.95852515,In Service,1,8,Berry St & N 8 St,False,2016-01-22 16:30:28
3093,N 6 St & Bedford Ave,9,28,40.71745169,-73.95850939,In Service,1,19,N 6 St & Bedford Ave,False,2016-01-22 16:31:19
3094,Graham Ave & Withers St,18,18,40.7169811,-73.94485918,In Service,1,0,Graham Ave & Withers St,False,2016-01-22 16:31:50
3095,Graham Ave & Herbert St,23,23,40.71929301,-73.94500379,In Service,1,0,Graham Ave & Herbert St,False,2016-01-22 16:29:47
3096,Union Ave & N 12 St,30,39,40.71924,-73.95242,In Service,1,9,Union Ave & N 12 St,False,2016-01-22 16:29:15
3097,N Henry St & Richardson St,18,19,40.71921585,-73.9424469,In Service,1,1,N Henry St & Richardson St,False,2016-01-22 16:29:24
3098,Leonard St & Bayard St,38,43,40.71928,-73.94861,In Service,1,4,Leonard St & Bayard St,False,2016-01-22 16:31:23
3099,Leonard St & Manhattan Ave,13,19,40.72152240339303,-73.94898265600203,In Service,1,6,Leonard St & Manhattan Ave,False,2016-01-22 16:29:37
3100,Nassau Ave & Newell St,0,0,40.724812564400175,-73.94752621650696,Not In Service,3,0,Nassau Ave & Newell St,False,1969-12-31 19:00:00
3101,N 12 St & Bedford Ave,16,27,40.72079821,-73.95484712,In Service,1,11,N 12 St & Bedford Ave,False,2016-01-22 16:29:41
3102,Driggs Ave & Lorimer St,23,27,40.72179134,-73.9504154,In Service,1,4,Driggs Ave & Lorimer St,False,2016-01-22 16:32:35
3103,N 11 St & Wythe Ave,21,27,40.72153267,-73.95782357,In Service,1,6,N 11 St & Wythe Ave,False,2016-01-22 16:31:35
3104,Kent Ave & N 7 St,25,47,40.72057658,-73.96150225,In Service,1,22,Kent Ave & N 7 St,False,2016-01-22 16:32:28
3105,N 15 St & Wythe Ave,21,24,40.724055,-73.955736,In Service,1,3,N 15 St & Wythe Ave,False,2016-01-22 16:31:39
3106,Driggs Ave & N Henry St,19,19,40.72325,-73.94308,In Service,1,0,Driggs Ave & N Henry St,False,2016-01-22 16:31:47
3107,Bedford Ave & Nassau Ave,23,39,40.72311651,-73.95212324,In Service,1,15,Bedford Ave & Nassau Ave,False,2016-01-22 16:31:21
3108,Nassau Ave & Russell St,21,24,40.72557,-73.94434,In Service,1,2,Nassau Ave & Russell St,False,2016-01-22 16:32:37
3109,Banker St & Meserole Ave,24,31,40.72606,-73.95621,In Service,1,5,Banker St & Meserole Ave,False,2016-01-22 16:31:31
3110,Meserole Ave & Manhattan Ave,27,27,40.72708584,-73.95299117,In Service,1,0,Meserole Ave & Manhattan Ave,False,2016-01-22 16:29:28
3111,Norman Ave & Leonard St,22,25,40.7258483,-73.95064893,In Service,1,3,Norman Ave & Leonard St,False,2016-01-22 16:32:38
3112,Milton St & Franklin St,2,33,40.72906,-73.95779,In Service,1,31,Milton St & Franklin St,False,2016-01-22 16:29:29
3113,Greenpoint Ave & Manhattan Ave,18,27,40.73026,-73.95394,In Service,1,9,Greenpoint Ave & Manhattan Ave,False,2016-01-22 16:31:39
3114,India St & East River,12,23,40.73165141,-73.96161892,In Service,1,11,India St & East River,False,2016-01-22 16:29:23
3115,India St & Manhattan Ave,30,34,40.73232194,-73.9550858,In Service,1,4,India St & Manhattan Ave,False,2016-01-22 16:29:15
3116,Huron St & Franklin St,34,35,40.73266,-73.95826,In Service,1,1,Huron St & Franklin St,False,2016-01-22 16:29:36
3117,Franklin St & Dupont St,22,27,40.73564,-73.95866,In Service,1,5,Franklin St & Dupont St,False,2016-01-22 16:31:34
3118,McGuinness Blvd & Eagle St,26,30,40.73555,-73.95284,In Service,1,3,McGuinness Blvd & Eagle St,False,2016-01-22 16:30:52
3119,Vernon Blvd & 50 Ave,5,45,40.74232744,-73.95411749,In Service,1,40,Vernon Blvd & 50 Ave,False,2016-01-22 16:31:25
3120,Center Blvd & Borden Ave,19,20,40.74161,-73.96044,In Service,1,1,Center Blvd & Borden Ave,False,2016-01-22 16:30:47
3121,Jackson Ave & 46 Rd,9,27,40.74524768,-73.94733276,In Service,1,18,Jackson Ave & 46 Rd,False,2016-01-22 16:31:12
3122,48 Ave & 5 St,12,31,40.744363287066875,-73.9558732509613,In Service,1,19,48 Ave & 5 St,False,2016-01-22 16:29:11
3123,31 St & Thomson Ave,7,27,40.74469738,-73.93540375,In Service,1,20,31 St & Thomson Ave,False,2016-01-22 16:30:24
3124,46 Ave & 5 St,13,27,40.74731,-73.95451,In Service,1,12,46 Ave & 5 St,False,2016-01-22 16:30:39
3125,45 Rd & 11 St,9,23,40.74708586,-73.94977234,In Service,1,14,45 Rd & 11 St,False,2016-01-22 16:31:19
3126,44 Dr & Jackson Ave,0,34,40.74718234,-73.9432635,In Service,1,34,44 Dr & Jackson Ave,False,2016-01-22 16:29:33
3127,9 St & 44 Rd,2,35,40.74966,-73.9521,In Service,1,33,9 St & 44 Rd,False,2016-01-22 16:30:15
3128,21 St & 43 Ave,0,23,40.75052534,-73.94594845,In Service,1,23,21 St & 43 Ave,False,2016-01-22 16:29:03
3129,Queens Plaza North & Crescent St,21,31,40.75110165,-73.94073717,In Service,1,10,Queens Plaza North & Crescent St,False,2016-01-22 16:29:51
3131,E 63 St & York Ave,0,0,40.76120833,-73.95748565,Not In Service,3,0,E 63 St & York Ave,False,1969-12-31 19:00:00
3132,E 59 St & Madison Ave,26,35,40.76350532,-73.97109243,In Service,1,9,E 59 St & Madison Ave,False,2016-01-22 16:32:39
3134,3 Ave & E 62 St,49,51,40.76312584,-73.96526895,In Service,1,2,3 Ave & E 62 St,False,2016-01-22 16:32:37
3135,E 75 St & 3 Ave,32,41,40.77112927,-73.95772297,In Service,1,9,E 75 St & 3 Ave,False,2016-01-22 16:29:20
3136,5 Ave & E 63 St,28,47,40.76650452,-73.97147595,In Service,1,19,5 Ave & E 63 St,False,2016-01-22 16:31:52
3137,5 Ave & E 73 St,28,31,40.77282817,-73.96685276,In Service,1,0,5 Ave & E 73 St,False,2016-01-22 16:29:57
3138,E 77 St & Park Ave,42,47,40.774405455003,-73.96175265312193,In Service,1,5,E 77 St & Park Ave,False,2016-01-22 16:30:21
3139,E 72 St & Park Ave,42,43,40.77118287540658,-73.96409422159195,In Service,1,0,E 72 St & Park Ave,False,2016-01-22 16:30:14
3140,1 Ave & E 78 St,34,55,40.77140426,-73.9535166,In Service,1,21,1 Ave & E 78 St,False,2016-01-22 16:30:04
3141,1 Ave & E 68 St,57,59,40.76500525,-73.95818491,In Service,1,0,1 Ave & E 68 St,False,2016-01-22 16:29:32
3142,1 Ave & E 62 St,54,59,40.7612274,-73.96094022,In Service,1,5,1 Ave & E 62 St,False,2016-01-22 16:31:40
3143,5 Ave & E 78 St,23,47,40.77682863439968,-73.96388769149779,In Service,1,24,5 Ave & E 78 St,False,2016-01-22 16:31:47
3144,E 81 St & Park Ave,20,46,40.77677702,-73.9590097,In Service,1,26,E 81 St & Park Ave,False,2016-01-22 16:20:48
3145,E 84 St & Park Ave,54,59,40.77862688,-73.95772073,In Service,1,5,E 84 St & Park Ave,False,2016-01-22 16:29:39
3146,E 81 St & 3 Ave,40,47,40.77573034,-73.9567526,In Service,1,7,E 81 St & 3 Ave,False,2016-01-22 16:32:14
3147,E 85 St & 3 Ave,34,38,40.77801203,-73.95407149,In Service,1,3,E 85 St & 3 Ave,False,2016-01-22 16:31:35
3148,E 84 St & 1 Ave,27,31,40.77565541,-73.95068615,In Service,1,2,E 84 St & 1 Ave,False,2016-01-22 16:30:21
3150,E 85 St & York Ave,46,55,40.77536905,-73.94803392,In Service,1,6,E 85 St & York Ave,False,2016-01-22 16:32:02
3151,E 81 St & York Ave,41,43,40.7728384,-73.94989233,In Service,1,1,E 81 St & York Ave,False,2016-01-22 16:29:32
3152,3 Ave & E 71 St,0,0,40.76873687,-73.96119945,Not In Service,3,0,3 Ave & E 71 St,False,1969-12-31 19:00:00
3153,E 71 St & 2 Ave,30,37,40.76817546742245,-73.95910263061523,In Service,1,4,E 71 St & 2 Ave,False,2016-01-22 16:31:04
3154,E 77 St & 3 Ave,18,31,40.77314236,-73.95856158,In Service,1,12,E 77 St & 3 Ave,False,2016-01-22 16:31:55
3155,Lexington Ave & E 63 St,25,39,40.76440023,-73.96648977,In Service,1,12,Lexington Ave & E 63 St,False,2016-01-22 16:28:57
3156,E 72 St & York Ave,28,39,40.76663814,-73.95348296,In Service,1,9,E 72 St & York Ave,False,2016-01-22 16:30:33
3157,East End Ave & E 86 St,40,47,40.77518615,-73.94446054,In Service,1,6,East End Ave & E 86 St,False,2016-01-22 16:32:43
3158,W 63 St & Broadway,31,31,40.77163851,-73.98261428,In Service,1,0,W 63 St & Broadway,False,2016-01-22 16:31:09
3159,W 67 St & Broadway,26,31,40.77492513,-73.98266566,In Service,1,5,W 67 St & Broadway,False,2016-01-22 16:29:09
3160,Central Park West & W 76 St,38,39,40.77896784,-73.97374737,In Service,1,0,Central Park West & W 76 St,False,2016-01-22 16:30:23
3161,W 76 St & Columbus Ave,59,59,40.7801839724239,-73.97728532552719,In Service,1,0,W 76 St & Columbus Ave,False,2016-01-22 16:30:01
3162,W 78 St & Broadway,34,39,40.78339981,-73.98093133,In Service,1,5,W 78 St & Broadway,False,2016-01-22 16:29:18
3163,Central Park West & W 68 St,38,43,40.7734066,-73.97782542,In Service,1,3,Central Park West & W 68 St,False,2016-01-22 16:32:30
3164,Columbus Ave & W 72 St,62,67,40.7770575,-73.97898475,In Service,1,5,Columbus Ave & W 72 St,False,2016-01-22 16:30:44
3165,Central Park West & W 72 St,51,51,40.77579376683666,-73.9762057363987,In Service,1,0,Central Park West & W 72 St,False,2016-01-22 16:31:07
3166,Riverside Dr & W 72 St,40,41,40.78057799010334,-73.98562431335449,In Service,1,1,Riverside Dr & W 72 St,False,2016-01-22 16:31:11
3167,Amsterdam Ave & W 73 St,45,55,40.77966809007312,-73.98093044757842,In Service,1,8,Amsterdam Ave & W 73 St,False,2016-01-22 16:29:18
3168,Central Park West & W 85 St,26,31,40.78472675,-73.96961715,In Service,1,5,Central Park West & W 85 St,False,2016-01-22 16:32:39
3169,Riverside Dr & W 82 St,57,59,40.78720869,-73.98128127,In Service,1,1,Riverside Dr & W 82 St,False,2016-01-22 16:32:03
3170,W 84 St & Columbus Ave,31,35,40.78499979,-73.97283406,In Service,1,2,W 84 St & Columbus Ave,False,2016-01-22 16:29:33
3171,Amsterdam Ave & W 82 St,37,39,40.78524672,-73.97667321,In Service,1,1,Amsterdam Ave & W 82 St,False,2016-01-22 16:30:57
3172,W 74 St & Columbus Ave,25,27,40.7785669,-73.97754961,In Service,1,2,W 74 St & Columbus Ave,False,2016-01-22 16:32:01
3173,Riverside Blvd & W 67 St,59,63,40.777507027547976,-73.98888587951659,In Service,1,1,Riverside Blvd & W 67 St,False,2016-01-22 16:31:35
3175,W 70 St & Amsterdam Ave,30,31,40.77748046,-73.98288594,In Service,1,1,W 70 St & Amsterdam Ave,False,2016-01-22 16:32:11
3176,W 64 St & West End Ave,39,43,40.77452835,-73.98753759,In Service,1,3,W 64 St & West End Ave,False,2016-01-22 16:29:24
3177,W 84 St & Broadway,54,63,40.7867947,-73.977112,In Service,1,9,W 84 St & Broadway,False,2016-01-22 16:31:33
3178,Riverside Dr & W 78 St,59,59,40.78414472,-73.98362492,In Service,1,0,Riverside Dr & W 78 St,False,2016-01-22 16:29:32
3179,Park Ave & Marcus Garvey Blvd,17,23,40.698617,-73.941342,In Service,1,5,Park Ave & Marcus Garvey Blvd,False,2016-01-22 16:32:34
3180,Brooklyn Bridge Park - Pier 2,29,31,40.69878,-73.99712,In Service,1,2,Brooklyn Bridge Park - Pier 2,False,2016-01-22 16:32:21
3183,Exchange Place,14,30,40.7162469,-74.0334588,In Service,1,16,Exchange Place,False,2016-01-22 16:31:22
3184,Paulus Hook,8,14,40.7141454,-74.0335519,In Service,1,5,Paulus Hook,False,2016-01-22 16:29:50
3185,City Hall,11,22,40.7177325,-74.043845,In Service,1,11,City Hall,False,2016-01-22 16:31:34
3186,Grove St PATH,5,22,40.7192789,-74.0424515,In Service,1,16,Grove St PATH,False,2016-01-22 16:31:58
3187,Warren St,12,22,40.7211236,-74.03805095,In Service,1,9,Warren St,False,2016-01-22 16:29:26
3188,NJCU,18,18,40.7101087,-74.0858489,In Service,1,0,NJCU,False,2016-01-22 16:30:36
3189,West Side Light Rail,10,14,40.714402,-74.0887723,In Service,1,4,West Side Light Rail,False,2016-01-22 16:30:19
3190,Garfield Ave Light Rail,18,18,40.7108044,-74.0714882,In Service,1,0,Garfield Ave Light Rail,False,2016-01-22 16:32:34
3191,Union St,11,18,40.7182113,-74.0836394,In Service,1,6,Union St,False,2016-01-22 16:29:27
3192,Liberty Light Rail,16,22,40.7112423,-74.0557013,In Service,1,5,Liberty Light Rail,False,2016-01-22 16:32:20
3193,Lincoln Park,18,18,40.7244188,-74.0780383,In Service,1,0,Lincoln Park,False,2016-01-22 16:31:45
3194,McGinley Square,11,14,40.7256033,-74.06763,In Service,1,2,McGinley Square,False,2016-01-22 16:30:43
3195,Sip Ave,7,34,40.7309459,-74.0638906,In Service,1,23,Sip Ave,False,2016-01-22 16:32:07
3196,Riverview Park,15,18,40.7443187,-74.0439909,In Service,1,3,Riverview Park,False,2016-01-22 16:31:29
3197,North St,10,18,40.752559,-74.044725,In Service,1,7,North St,False,2016-01-22 16:32:24
3198,Heights Elevator,18,18,40.7485362,-74.0403131,In Service,1,0,Heights Elevator,False,2016-01-22 16:30:16
3199,Newport Pkwy,8,14,40.7287448,-74.0321082,In Service,1,6,Newport Pkwy,False,2016-01-22 16:29:13
3200,MLK Light Rail,10,18,40.7111305,-74.0788855,In Service,1,7,MLK Light Rail,False,2016-01-22 16:31:04
3201,Dey St,18,18,40.737711,-74.066921,In Service,1,0,Dey St,False,2016-01-22 16:30:06
3202,Newport PATH,5,18,40.7272235,-74.0337589,In Service,1,10,Newport PATH,False,2016-01-22 16:30:34
3203,Hamilton Park,14,25,40.727595966,-74.044247311,In Service,1,9,Hamilton Park,False,2016-01-22 16:30:44
3205,JC Medical Center,15,22,40.7165271,-74.049425,In Service,1,6,JC Medical Center,False,2016-01-22 16:31:24
3206,Hilltop,22,26,40.7311689,-74.0575736,In Service,1,3,Hilltop,False,2016-01-22 16:29:44
3207,Oakland Ave,12,14,40.7376037,-74.0524783,In Service,1,0,Oakland Ave,False,2016-01-22 16:29:29
3209,Brunswick St,17,18,40.7241765,-74.0506564,In Service,1,1,Brunswick St,False,2016-01-22 16:32:28
3210,Pershing Field,9,18,40.742677141,-74.051788633,In Service,1,7,Pershing Field,False,2016-01-22 16:32:09
3211,Newark Ave,13,21,40.72152515,-74.046304543,In Service,1,8,Newark Ave,False,2016-01-22 16:31:53
3212,Christ Hospital,17,22,40.734785818,-74.050443636,In Service,1,5,Christ Hospital,False,2016-01-22 16:30:16
3213,Van Vorst Park,11,22,40.71848892,-74.047726625,In Service,1,9,Van Vorst Park,False,2016-01-22 16:29:30
3214,Essex Light Rail,22,22,40.7127742,-74.0364857,In Service,1,0,Essex Light Rail,False,2016-01-22 16:30:35
3215,Central Ave,15,18,40.7467299,-74.0492509,In Service,1,2,Central Ave,False,2016-01-22 16:32:30
3216,Columbia Park,11,18,40.6970299,-74.0969366,In Service,1,7,Columbia Park,False,2016-01-22 16:30:15
3217,Bayside Park,12,18,40.698650544,-74.082079678,In Service,1,4,Bayside Park,False,2016-01-22 16:30:41
3220,5 Corners Library,12,18,40.734961020009514,-74.0595030784607,In Service,1,4,5 Corners Library,False,2016-01-22 16:29:58
3221,47 Ave & 31 St,12,27,40.743,-73.93561,In Service,1,15,47 Ave & 31 St,False,2016-01-22 16:30:10
3222,Hanson Pl & St Felix St,21,39,40.685159599891776,-73.97711366415024,In Service,1,18,Hanson Pl & St Felix St,False,2016-01-22 16:32:08
3223,E 55 St & 3 Ave,50,55,40.758996559605116,-73.96865397691727,In Service,1,5,E 55 St & 3 Ave,False,2016-01-22 16:29:29
3224,W 13 St & Hudson St,29,39,40.73997354103409,-74.00513872504234,In Service,1,10,W 13 St & Hudson St,False,2016-01-22 16:31:56
3225,Baldwin at Montgomery,10,14,40.7236589,-74.0641943,In Service,1,3,Baldwin at Montgomery,False,2016-01-22 16:30:20
3226,W 82 St & Central Park West,45,45,40.78275,-73.97137,In Service,1,0,W 82 St & Central Park West,False,2016-01-22 16:29:32
3229,Marcy Ave & MacDonough St,19,19,40.68061768455451,-73.94624948501587,In Service,1,0,Marcy Ave & MacDonough St,False,2016-01-22 16:29:51
3230,Penn Station Valet,7,7,40.751283596962296,-73.99692445993422,In Service,1,0,Penn Station Valet,False,2016-01-22 16:28:51
3231,E 67 St & Park Ave,48,59,40.76780080148132,-73.96592080593109,In Service,1,10,E 67 St & Park Ave,False,2016-01-22 16:31:03
3232,Bond St & Fulton St,20,31,40.68962188790333,-73.98304268717766,In Service,1,11,Bond St & Fulton St,False,2016-01-22 16:30:20
3233,E 48 St & 5 Ave,17,39,40.75724567911726,-73.97805914282799,In Service,1,16,E 48 St & 5 Ave,False,2016-01-22 16:30:56
3235,E 41 St & Madison Ave,27,31,40.752165280621966,-73.97992193698882,In Service,1,4,E 41 St & Madison Ave,False,2016-01-22 16:28:53
3236,PABT Valet,7,9,40.75898481399634,-73.99379968643188,In Service,1,2,PABT Valet,False,2016-01-22 16:30:59
3237,21 St & 41 Ave,17,25,40.75383343437622,-73.94267678260802,In Service,1,8,21 St & 41 Ave,False,2016-01-22 16:30:45
3238,E 80 St & 2 Ave,35,37,40.77391390238118,-73.9543953537941,In Service,1,2,E 80 St & 2 Ave,False,2016-01-22 16:30:37
3241,Monroe St & Tompkins Ave,18,19,40.686203,-73.944694,In Service,1,1,Monroe St & Tompkins Ave,False,2016-01-22 16:30:38
3242,Schermerhorn St & Court St,5,39,40.69102925677968,-73.99183362722397,In Service,1,31,Schermerhorn St & Court St,False,2016-01-22 16:31:33
3243,E 58 St & 1 Ave,28,29,40.75892386377695,-73.96226227283478,In Service,1,1,E 58 St & 1 Ave,False,2016-01-22 16:30:05
3244,University Pl & E 8 St,27,31,40.73143724085228,-73.99490341544151,In Service,1,4,University Pl & E 8 St,False,2016-01-22 16:31:18
